category,revenue,profit,units,orders,profit_margin
Office Supplies,2752271.9765,1959880.3665,25313,6957,0.7120954554034787
Home & Kitchen,2724364.413,1839852.933,25110,6856,0.6753329048862451
Books,2678191.2275,1791239.9575,25006,6836,0.6688245182447489
Clothing,2448076.1365,1675780.5465,22382,6262,0.6845295869334577
Toys & Games,2092958.0605,1351527.6505,19225,5524,0.6457499918450946
Electronics,2074411.1375,1395068.1675,19425,5563,0.6725128602911774
Sports & Outdoors,2015640.64,1276256.89,18630,5385,0.6331767998089183
Beauty,1562553.771,982022.841,14355,4318,0.628472990322456
Uncategorized,990990.735,648586.1,9217,2832,0.6544825063374583
